<?xml version="1.0" encoding="UTF-8"?>
<project-private xmlns="http://www.netbeans.org/ns/project-private/1">
    <editor-bookmarks xmlns="http://www.netbeans.org/ns/editor-bookmarks/2" lastBookmarkId="0"/>
    <open-files xmlns="http://www.netbeans.org/ns/projectui-open-files/2">
        <group>
            <file>file:/W:/CNIT%20325/CNIT-325-Project-master/325Project/src/TestPackage/DemoGUI.java</file>
            <file>file:/W:/CNIT%20325/CNIT-325-Project-master/325Project/src/TestPackage/StorageServer.java</file>
            <file>file:/W:/CNIT%20325/CNIT-325-Project-master/325Project/src/TestPackage/Boss.java</file>
            <file>file:/W:/CNIT%20325/CNIT-325-Project-master/325Project/src/TestPackage/StorageClient.java</file>
            <file>file:/W:/CNIT%20325/CNIT-325-Project-master/325Project/src/TestPackage/Damage.java</file>
            <file>file:/W:/CNIT%20325/CNIT-325-Project-master/325Project/src/TestPackage/Healer.java</file>
        </group>
    </open-files>
</project-private>
